Name,Slug,Collection ID,Locale ID,Item ID,Archived,Draft,Created On,Updated On,Published On,Logo,Link,Activation,Food & Beverage Sponsors,Tier 1 Presenting Sponsors,Tier 2 Sponors,Tier 3 Activation
Abundance Institute,abundance-institute,67c52ae19a93e78ca6e21b26,67c525beacbe4b9e13264e01,67c52b233b53ebcc8e05802c,false,false,Mon Mar 03 2025 04:08:03 GMT+0000 (Coordinated Universal Time),Tue Sep 23 2025 02:36:45 GMT+0000 (Coordinated Universal Time),Wed Sep 24 2025 13:40:10 GMT+0000 (Coordinated Universal Time),https://cdn.prod.website-files.com/67c525beacbe4b9e13264e02/67c52b1a7c40746cf0baf58b_abundance.png,,sxsw-2025,false,false,false,false
Adcelerium,adcelerium,67c52ae19a93e78ca6e21b26,67c525beacbe4b9e13264e01,68e328ff548905717e58d0a9,false,false,Mon Oct 06 2025 02:27:11 GMT+0000 (Coordinated Universal Time),Sun Mar 08 2026 22:53:13 GMT+0000 (Coordinated Universal Time),Sun Mar 08 2026 22:53:13 GMT+0000 (Coordinated Universal Time),https://cdn.prod.website-files.com/67c525beacbe4b9e13264e02/69ace31f5e1071aa7c4a3d57_Adcelerium.png,,race-weekend-2025; sxsw-london-2025; sxsw-2026,false,false,true,false
Aguasol,aguasol,67c52ae19a93e78ca6e21b26,67c525beacbe4b9e13264e01,69ace43c63eaf34fcc81bd22,false,false,Sun Mar 08 2026 02:51:40 GMT+0000 (Coordinated Universal Time),Wed Mar 11 2026 03:40:17 GMT+0000 (Coordinated Universal Time),Wed Mar 11 2026 03:40:17 GMT+0000 (Coordinated Universal Time),https://cdn.prod.website-files.com/67c525beacbe4b9e13264e02/69ace436156257d4901fde1a_Aguasol.png,,sxsw-2026,true,false,false,false
Akin Gump Strauss Hauer & Feld LLP,akin-gump-strauss-hauer-feld-llp,67c52ae19a93e78ca6e21b26,67c525beacbe4b9e13264e01,69ace4ea818a6e148dcea6c0,false,false,Sun Mar 08 2026 02:54:34 GMT+0000 (Coordinated Universal Time),Sun Mar 08 2026 22:36:23 GMT+0000 (Coordinated Universal Time),Sun Mar 08 2026 22:41:52 GMT+0000 (Coordinated Universal Time),https://cdn.prod.website-files.com/67c525beacbe4b9e13264e02/69ace4e23b848c17af8673cc_Akin.png,,sxsw-2026,false,false,true,false
Allen's Boots,allens-boots,67c52ae19a93e78ca6e21b26,67c525beacbe4b9e13264e01,69ace52bae4c802bdb4b0deb,false,false,Sun Mar 08 2026 02:55:39 GMT+0000 (Coordinated Universal Time),Sun Mar 08 2026 22:36:11 GMT+0000 (Coordinated Universal Time),Sun Mar 08 2026 22:41:52 GMT+0000 (Coordinated Universal Time),https://cdn.prod.website-files.com/67c525beacbe4b9e13264e02/69ace52163eaf34fcc81c611_Allen%27s%20Boots.png,,race-weekend-2025; sxsw-2026,false,false,false,true
Amniscient,amniscient,67c52ae19a93e78ca6e21b26,67c525beacbe4b9e13264e01,67c6aaf180a36a5e9d5dd8b8,false,false,Tue Mar 04 2025 07:25:37 GMT+0000 (Coordinated Universal Time),Tue Sep 23 2025 02:36:07 GMT+0000 (Coordinated Universal Time),Wed Sep 24 2025 13:40:10 GMT+0000 (Coordinated Universal Time),https://cdn.prod.website-files.com/67c525beacbe4b9e13264e02/67c6ab5c5e932c2863addceb_67c6934ad8dabeb75c7f7cbe_TEAM%20SPORT%20V2%20(3).png,,sxsw-2025,false,false,false,false
Austin Texas Musicians,austin-texas-musicians,67c52ae19a93e78ca6e21b26,67c525beacbe4b9e13264e01,67cc7c2432f78191cf1bfbaf,false,false,Sat Mar 08 2025 17:19:32 GMT+0000 (Coordinated Universal Time),Tue Sep 23 2025 02:35:54 GMT+0000 (Coordinated Universal Time),Wed Sep 24 2025 13:40:10 GMT+0000 (Coordinated Universal Time),https://cdn.prod.website-files.com/67c525beacbe4b9e13264e02/67cc7c2118e094933d7ec93e_AustinTexasMusiciansLogoB%26W.png,,sxsw-2025,false,false,false,false
Born Global,born-global,67c52ae19a93e78ca6e21b26,67c525beacbe4b9e13264e01,67cdb0ca171b8d001c96d581,false,false,Sun Mar 09 2025 15:16:26 GMT+0000 (Coordinated Universal Time),Tue Sep 23 2025 02:35:50 GMT+0000 (Coordinated Universal Time),Wed Sep 24 2025 13:40:10 GMT+0000 (Coordinated Universal Time),https://cdn.prod.website-files.com/67c525beacbe4b9e13264e02/67cdb0c6027b6113a5b621b4_BORN%20GLOBAL%20(1).png,,sxsw-2025,false,false,false,false
Capital Factory + Station Texas,capital-factory-station-texas,67c52ae19a93e78ca6e21b26,67c525beacbe4b9e13264e01,67c54dbf96a24c722ea36179,false,true,Mon Mar 03 2025 06:35:43 GMT+0000 (Coordinated Universal Time),Mon Mar 03 2025 06:35:43 GMT+0000 (Coordinated Universal Time),,,,,false,false,false,false
Cholla,cholla,67c52ae19a93e78ca6e21b26,67c525beacbe4b9e13264e01,67c52af64c568ce21e5e5925,false,false,Mon Mar 03 2025 04:07:18 GMT+0000 (Coordinated Universal Time),Tue Sep 23 2025 02:36:57 GMT+0000 (Coordinated Universal Time),Wed Sep 24 2025 13:40:10 GMT+0000 (Coordinated Universal Time),https://cdn.prod.website-files.com/67c525beacbe4b9e13264e02/67c52af32f4e2380c628d8f8_cholla.png,,sxsw-2025,false,false,false,false
Coalition for North American Trade,coalition-for-north-american-trade,67c52ae19a93e78ca6e21b26,67c525beacbe4b9e13264e01,69ace640cdc09ce8b84a5fa0,false,false,Sun Mar 08 2026 03:00:16 GMT+0000 (Coordinated Universal Time),Sun Mar 08 2026 22:35:44 GMT+0000 (Coordinated Universal Time),Sun Mar 08 2026 22:41:52 GMT+0000 (Coordinated Universal Time),https://cdn.prod.website-files.com/67c525beacbe4b9e13264e02/69ace63a46c41c8bc935f521_Coalition%20for%20North%20American%20Trade.png,,sxsw-2026,false,false,true,false
Coca Cola,coca-cola,67c52ae19a93e78ca6e21b26,67c525beacbe4b9e13264e01,69ace455278770785e60fc29,false,false,Sun Mar 08 2026 02:52:05 GMT+0000 (Coordinated Universal Time),Wed Mar 11 2026 03:40:42 GMT+0000 (Coordinated Universal Time),Wed Mar 11 2026 03:40:42 GMT+0000 (Coordinated Universal Time),https://cdn.prod.website-files.com/67c525beacbe4b9e13264e02/69ace44e0e2461292fdb640b_Coca%20Cola.png,,sxsw-2026,true,false,false,false
Cuvee Coffee,cuvee-coffee,67c52ae19a93e78ca6e21b26,67c525beacbe4b9e13264e01,67c52b329a93e78ca6e25f02,false,false,Mon Mar 03 2025 04:08:18 GMT+0000 (Coordinated Universal Time),Wed Mar 11 2026 03:40:54 GMT+0000 (Coordinated Universal Time),Wed Mar 11 2026 03:40:54 GMT+0000 (Coordinated Universal Time),https://cdn.prod.website-files.com/67c525beacbe4b9e13264e02/69ace7f42fb1ea460edb5264_Cuvee%20Coffee.png,,sxsw-2025; sxsw-2026,true,false,false,false
EU@SXSW,eu-sxsw,67c52ae19a93e78ca6e21b26,67c525beacbe4b9e13264e01,67c52b423b53ebcc8e059279,false,false,Mon Mar 03 2025 04:08:34 GMT+0000 (Coordinated Universal Time),Tue Sep 23 2025 02:36:39 GMT+0000 (Coordinated Universal Time),Wed Sep 24 2025 13:40:10 GMT+0000 (Coordinated Universal Time),https://cdn.prod.website-files.com/67c525beacbe4b9e13264e02/67c52b3ac3e0601c135137f5_eu.png,,sxsw-2025,false,false,false,false
Fin & Fur Films,fin-fur-films,67c52ae19a93e78ca6e21b26,67c525beacbe4b9e13264e01,69ae0b7fe08eb8ead7fe8e9c,false,false,Sun Mar 08 2026 23:51:27 GMT+0000 (Coordinated Universal Time),Sun Mar 08 2026 23:51:29 GMT+0000 (Coordinated Universal Time),Mon Mar 09 2026 00:06:41 GMT+0000 (Coordinated Universal Time),https://cdn.prod.website-files.com/67c525beacbe4b9e13264e02/69ae0b758ca936a8b0c5566a_Fin%20%26%20Fur%20Films.png,,sxsw-2026,false,false,false,true
Foley Hoag,foley-hoag,67c52ae19a93e78ca6e21b26,67c525beacbe4b9e13264e01,67c71f93bddaae9b704d4e35,false,false,Tue Mar 04 2025 15:43:15 GMT+0000 (Coordinated Universal Time),Tue Sep 23 2025 02:36:02 GMT+0000 (Coordinated Universal Time),Wed Sep 24 2025 13:40:10 GMT+0000 (Coordinated Universal Time),https://cdn.prod.website-files.com/67c525beacbe4b9e13264e02/67c71f8ff4dabf77bc7b9db9_TEAM%20SPORT%20V2.png,,sxsw-2025,false,false,false,false
Funded House,funded-house,67c52ae19a93e78ca6e21b26,67c525beacbe4b9e13264e01,67c547bfa2856650b1b3a408,false,false,Mon Mar 03 2025 06:10:07 GMT+0000 (Coordinated Universal Time),Tue Aug 19 2025 02:00:53 GMT+0000 (Coordinated Universal Time),Tue Aug 19 2025 02:00:53 GMT+0000 (Coordinated Universal Time),https://cdn.prod.website-files.com/67c525beacbe4b9e13264e02/67c547b851446a1712d44441_Funded%20House.png,,,false,false,false,false
Funded House,funded-house-2,67c52ae19a93e78ca6e21b26,67c525beacbe4b9e13264e01,67cdb1cc410f6138789178aa,false,false,Sun Mar 09 2025 15:20:44 GMT+0000 (Coordinated Universal Time),Tue Sep 23 2025 02:35:47 GMT+0000 (Coordinated Universal Time),Wed Sep 24 2025 13:40:10 GMT+0000 (Coordinated Universal Time),https://cdn.prod.website-files.com/67c525beacbe4b9e13264e02/67cdb1c5eb42a82bc5007f8d_FUNDED%20HOUSE%20(1).png,,sxsw-2025,false,false,false,false
Funded House,funded-house-rw,67c52ae19a93e78ca6e21b26,67c525beacbe4b9e13264e01,68e328d159b493eb21ff1c54,false,true,Mon Oct 06 2025 02:26:25 GMT+0000 (Coordinated Universal Time),Mon Oct 06 2025 02:26:25 GMT+0000 (Coordinated Universal Time),,,,race-weekend-2025,false,false,false,false
Gather & Grow Experiences,gather-grow-experiences,67c52ae19a93e78ca6e21b26,67c525beacbe4b9e13264e01,69ace567afa8832a9c11dc6e,false,false,Sun Mar 08 2026 02:56:39 GMT+0000 (Coordinated Universal Time),Sun Mar 08 2026 22:36:05 GMT+0000 (Coordinated Universal Time),Sun Mar 08 2026 22:41:52 GMT+0000 (Coordinated Universal Time),https://cdn.prod.website-files.com/67c525beacbe4b9e13264e02/69ace5614223784d64c6a0f5_Gather%20%26%20Grow%20Experiences.png,,sxsw-2026,false,false,true,false
Hunton,hunton,67c52ae19a93e78ca6e21b26,67c525beacbe4b9e13264e01,68e3291bb558e5574948c54c,false,true,Mon Oct 06 2025 02:27:39 GMT+0000 (Coordinated Universal Time),Mon Oct 06 2025 02:27:39 GMT+0000 (Coordinated Universal Time),,,,race-weekend-2025,false,false,false,false
Iron Root Republic,iron-root-republic,67c52ae19a93e78ca6e21b26,67c525beacbe4b9e13264e01,69ace3ca54b911567bcc71b5,false,false,Sun Mar 08 2026 02:49:46 GMT+0000 (Coordinated Universal Time),Sun Mar 08 2026 23:04:48 GMT+0000 (Coordinated Universal Time),Sun Mar 08 2026 23:04:48 GMT+0000 (Coordinated Universal Time),https://cdn.prod.website-files.com/67c525beacbe4b9e13264e02/69ace389b4f565cb5260fd1b_4.png,,sxsw-2026,true,false,false,false
JB Ander,jb-ander,67c52ae19a93e78ca6e21b26,67c525beacbe4b9e13264e01,68e32986b11ab92b143d3ec1,false,true,Mon Oct 06 2025 02:29:26 GMT+0000 (Coordinated Universal Time),Mon Oct 06 2025 02:29:26 GMT+0000 (Coordinated Universal Time),,,,race-weekend-2025,false,false,false,false
MassChallenge,masschallenge,67c52ae19a93e78ca6e21b26,67c525beacbe4b9e13264e01,67c52b554ed2ba50ce4656cc,false,false,Mon Mar 03 2025 04:08:53 GMT+0000 (Coordinated Universal Time),Tue Sep 23 2025 02:36:36 GMT+0000 (Coordinated Universal Time),Wed Sep 24 2025 13:40:10 GMT+0000 (Coordinated Universal Time),https://cdn.prod.website-files.com/67c525beacbe4b9e13264e02/67c52b4d0eb6d6a08c6c9d73_masschallenge.png,,sxsw-2025,false,false,false,false
McKinney Innovation Exchange,mckinney-innovation-exchange,67c52ae19a93e78ca6e21b26,67c525beacbe4b9e13264e01,69ace50ef0f31535d2de04f1,false,false,Sun Mar 08 2026 02:55:10 GMT+0000 (Coordinated Universal Time),Sun Mar 08 2026 22:53:48 GMT+0000 (Coordinated Universal Time),Sun Mar 08 2026 22:53:48 GMT+0000 (Coordinated Universal Time),https://cdn.prod.website-files.com/67c525beacbe4b9e13264e02/69ace4fe645530e9629ee6a6_McKinney%20Innovation%20Exchange.png,,sxsw-2026,false,false,true,false
NYSE Texas,nyse-texas,67c52ae19a93e78ca6e21b26,67c525beacbe4b9e13264e01,68e328ae5da29047d6d23dad,false,false,Mon Oct 06 2025 02:25:50 GMT+0000 (Coordinated Universal Time),Sun Mar 08 2026 22:54:20 GMT+0000 (Coordinated Universal Time),Sun Mar 08 2026 22:59:32 GMT+0000 (Coordinated Universal Time),https://cdn.prod.website-files.com/67c525beacbe4b9e13264e02/69ace3328156ec8953dadbb2_NYSE%20Texas.png,,race-weekend-2025; sxsw-2026,false,false,true,false
Perkins&Will,perkins-will,67c52ae19a93e78ca6e21b26,67c525beacbe4b9e13264e01,67cc7a96e6830d608837f58d,false,false,Sat Mar 08 2025 17:12:54 GMT+0000 (Coordinated Universal Time),Tue Sep 23 2025 02:35:59 GMT+0000 (Coordinated Universal Time),Wed Sep 24 2025 13:40:10 GMT+0000 (Coordinated Universal Time),https://cdn.prod.website-files.com/67c525beacbe4b9e13264e02/67cc7a8d4a995649dc9df873_Perkins%26Will.png,,sxsw-2025,false,false,false,false
Plug and Play,plug-and-play,67c52ae19a93e78ca6e21b26,67c525beacbe4b9e13264e01,67c52b67d5c48649fa9fce5c,false,false,Mon Mar 03 2025 04:09:11 GMT+0000 (Coordinated Universal Time),Tue Sep 23 2025 02:36:33 GMT+0000 (Coordinated Universal Time),Wed Sep 24 2025 13:40:10 GMT+0000 (Coordinated Universal Time),https://cdn.prod.website-files.com/67c525beacbe4b9e13264e02/67c52b5e5341e828f92ed238_plugnplay.png,,sxsw-2025,false,false,false,false
Push Start Sims,push-start-sims,67c52ae19a93e78ca6e21b26,67c525beacbe4b9e13264e01,68e3290f0a8283c9f3fb2845,false,false,Mon Oct 06 2025 02:27:27 GMT+0000 (Coordinated Universal Time),Sun Mar 08 2026 22:42:40 GMT+0000 (Coordinated Universal Time),Sun Mar 08 2026 22:43:18 GMT+0000 (Coordinated Universal Time),https://cdn.prod.website-files.com/67c525beacbe4b9e13264e02/69ace3101370329c78284f9a_Push%20Start%20Sims.png,,race-weekend-2025; sxsw-2026,false,false,false,true
Real Ale Brewing,real-ale-brewing,67c52ae19a93e78ca6e21b26,67c525beacbe4b9e13264e01,69b0df6e5dc00c8c5bd8f523,false,false,Wed Mar 11 2026 03:20:14 GMT+0000 (Coordinated Universal Time),Wed Mar 11 2026 03:20:18 GMT+0000 (Coordinated Universal Time),Sat Mar 14 2026 06:45:08 GMT+0000 (Coordinated Universal Time),https://cdn.prod.website-files.com/67c525beacbe4b9e13264e02/69b0df1ecf6a1ee33b07947e_Real%20Ale%20Brewing.png,,sxsw-2026,true,false,false,false
Real Spirits Distilling,real-spirits-distilling,67c52ae19a93e78ca6e21b26,67c525beacbe4b9e13264e01,69b0e3da0c513514c88c68e3,false,false,Wed Mar 11 2026 03:39:06 GMT+0000 (Coordinated Universal Time),Wed Mar 11 2026 03:39:08 GMT+0000 (Coordinated Universal Time),Sat Mar 14 2026 06:45:08 GMT+0000 (Coordinated Universal Time),https://cdn.prod.website-files.com/67c525beacbe4b9e13264e02/69b0e3d395cd253171e54bee_Real%20Ale%20Brewing%20(1).png,,sxsw-2026,true,false,false,false
Red Bull,red-bull,67c52ae19a93e78ca6e21b26,67c525beacbe4b9e13264e01,69ace3e67a59bb904d9bdcc0,false,false,Sun Mar 08 2026 02:50:14 GMT+0000 (Coordinated Universal Time),Wed Mar 11 2026 03:40:49 GMT+0000 (Coordinated Universal Time),Wed Mar 11 2026 03:40:49 GMT+0000 (Coordinated Universal Time),https://cdn.prod.website-files.com/67c525beacbe4b9e13264e02/69ace8032a2f75c0ed1adc4b_Red%20Bull.png,,sxsw-2026,true,false,false,false
Rice University,rice-university,67c52ae19a93e78ca6e21b26,67c525beacbe4b9e13264e01,67c52b0de279ddd513500d2e,false,false,Mon Mar 03 2025 04:07:41 GMT+0000 (Coordinated Universal Time),Sun Mar 08 2026 22:53:22 GMT+0000 (Coordinated Universal Time),Sun Mar 08 2026 22:53:22 GMT+0000 (Coordinated Universal Time),https://cdn.prod.website-files.com/67c525beacbe4b9e13264e02/69ace85e8b31c4f030bd684c_Rice%20University.png,,sxsw-2025; sxsw-london-2025; sxsw-2026,false,false,true,false
Round Rock Chamber,round-rock-chamber,67c52ae19a93e78ca6e21b26,67c525beacbe4b9e13264e01,69ace409b29de4ebdd6efe65,false,false,Sun Mar 08 2026 02:50:49 GMT+0000 (Coordinated Universal Time),Sun Mar 08 2026 22:47:54 GMT+0000 (Coordinated Universal Time),Sun Mar 08 2026 22:53:30 GMT+0000 (Coordinated Universal Time),https://cdn.prod.website-files.com/67c525beacbe4b9e13264e02/69adfc98dbc6b803d69d4d7f_Round%20Rock%20Chamber.png,,sxsw-2026,false,false,true,false
Scientista,scientista,67c52ae19a93e78ca6e21b26,67c525beacbe4b9e13264e01,67c52b7be279ddd513506513,false,false,Mon Mar 03 2025 04:09:31 GMT+0000 (Coordinated Universal Time),Tue Sep 23 2025 02:36:31 GMT+0000 (Coordinated Universal Time),Wed Sep 24 2025 13:40:10 GMT+0000 (Coordinated Universal Time),https://cdn.prod.website-files.com/67c525beacbe4b9e13264e02/67c52b745341e828f92ee031_scientista.png,,sxsw-2025,false,false,false,false
SeedAI,seedai,67c52ae19a93e78ca6e21b26,67c525beacbe4b9e13264e01,69ace5e9d0c1cecf08958864,false,false,Sun Mar 08 2026 02:58:49 GMT+0000 (Coordinated Universal Time),Sun Mar 08 2026 22:35:56 GMT+0000 (Coordinated Universal Time),Sun Mar 08 2026 22:41:52 GMT+0000 (Coordinated Universal Time),https://cdn.prod.website-files.com/67c525beacbe4b9e13264e02/69ace5e2c03e87e686fe5198_SeedAI.png,,sxsw-2026,false,false,true,false
Softlandia,softlandia,67c52ae19a93e78ca6e21b26,67c525beacbe4b9e13264e01,67c61a2ef4e9dd7e4b4e91a9,false,false,Mon Mar 03 2025 21:07:58 GMT+0000 (Coordinated Universal Time),Mon Mar 03 2025 21:07:58 GMT+0000 (Coordinated Universal Time),Mon Mar 03 2025 21:07:58 GMT+0000 (Coordinated Universal Time),,,,false,false,false,false
Softlandia,softlandia-2,67c52ae19a93e78ca6e21b26,67c525beacbe4b9e13264e01,67c6ab906d05b0031601119f,false,false,Tue Mar 04 2025 07:28:16 GMT+0000 (Coordinated Universal Time),Tue Sep 23 2025 02:36:04 GMT+0000 (Coordinated Universal Time),Wed Sep 24 2025 13:40:10 GMT+0000 (Coordinated Universal Time),https://cdn.prod.website-files.com/67c525beacbe4b9e13264e02/67c6ab8b7e355d4538ef4e61_TEAM%20SPORT%20V2%20(2).png,,sxsw-2025,false,false,false,false
Speak4,speak4,67c52ae19a93e78ca6e21b26,67c525beacbe4b9e13264e01,69ace5ffde066706cf6f43da,false,false,Sun Mar 08 2026 02:59:11 GMT+0000 (Coordinated Universal Time),Sun Mar 08 2026 22:35:52 GMT+0000 (Coordinated Universal Time),Sun Mar 08 2026 22:41:52 GMT+0000 (Coordinated Universal Time),https://cdn.prod.website-files.com/67c525beacbe4b9e13264e02/69ace5fd1268965a57ec6c74_Speak4.png,,sxsw-2026,false,false,true,false
Starbase Brewing,starbase-brewing,67c52ae19a93e78ca6e21b26,67c525beacbe4b9e13264e01,67c52b8f140cab795c90817a,false,false,Mon Mar 03 2025 04:09:51 GMT+0000 (Coordinated Universal Time),Tue Sep 23 2025 02:36:28 GMT+0000 (Coordinated Universal Time),Wed Sep 24 2025 13:40:10 GMT+0000 (Coordinated Universal Time),https://cdn.prod.website-files.com/67c525beacbe4b9e13264e02/67c52b85b8d23d9bd40f020f_starbase.png,,sxsw-2025,true,false,false,false
TX Tint & PPF,tx-tint-ppf,67c52ae19a93e78ca6e21b26,67c525beacbe4b9e13264e01,68e32978c2e072fddfd29aa7,false,true,Mon Oct 06 2025 02:29:12 GMT+0000 (Coordinated Universal Time),Mon Oct 06 2025 02:29:12 GMT+0000 (Coordinated Universal Time),,,,race-weekend-2025,false,false,false,false
Texans For Affordable Healthcare,texans-for-affordable-healthcare,67c52ae19a93e78ca6e21b26,67c525beacbe4b9e13264e01,67cc7bc127cad2752cf232c4,false,false,Sat Mar 08 2025 17:17:53 GMT+0000 (Coordinated Universal Time),Tue Sep 23 2025 02:35:56 GMT+0000 (Coordinated Universal Time),Wed Sep 24 2025 13:40:10 GMT+0000 (Coordinated Universal Time),https://cdn.prod.website-files.com/67c525beacbe4b9e13264e02/67cc7ba4343296bcc1c0b1de_TEAM%20SPORT%20V2%20(3).png,,sxsw-2025,false,false,false,false
Texas Blockchain Council,texas-blockchain-council,67c52ae19a93e78ca6e21b26,67c525beacbe4b9e13264e01,67c52ba2acbe4b9e132a799e,false,false,Mon Mar 03 2025 04:10:10 GMT+0000 (Coordinated Universal Time),Tue Sep 23 2025 02:36:24 GMT+0000 (Coordinated Universal Time),Wed Sep 24 2025 13:40:10 GMT+0000 (Coordinated Universal Time),https://cdn.prod.website-files.com/67c525beacbe4b9e13264e02/67c52b98eb710a2d82b16e50_texas%20blockchain.png,,sxsw-2025,false,false,false,false
Texas State University,texas-state-university,67c52ae19a93e78ca6e21b26,67c525beacbe4b9e13264e01,68e329385da29047d6d25216,false,false,Mon Oct 06 2025 02:28:08 GMT+0000 (Coordinated Universal Time),Sun Mar 08 2026 22:37:30 GMT+0000 (Coordinated Universal Time),Sun Mar 08 2026 22:41:52 GMT+0000 (Coordinated Universal Time),https://cdn.prod.website-files.com/67c525beacbe4b9e13264e02/69ace3041f52794358092d52_Texas%20State%20University.png,,race-weekend-2025; sxsw-2026,false,true,false,false
"The British Consulate General, Houston",the-british-consulate-general-houston,67c52ae19a93e78ca6e21b26,67c525beacbe4b9e13264e01,69ace373420ea818c8dd9bde,false,false,Sun Mar 08 2026 02:48:19 GMT+0000 (Coordinated Universal Time),Sun Mar 08 2026 22:36:44 GMT+0000 (Coordinated Universal Time),Sun Mar 08 2026 22:41:52 GMT+0000 (Coordinated Universal Time),https://cdn.prod.website-files.com/67c525beacbe4b9e13264e02/69ace755d757f4d4cf947dd1_British%20Consulate.png,,sxsw-london-2025; sxsw-2026,false,false,true,false
The Z Label,the-z-label,67c52ae19a93e78ca6e21b26,67c525beacbe4b9e13264e01,67c62a60bdb869502418cdaf,false,false,Mon Mar 03 2025 22:17:04 GMT+0000 (Coordinated Universal Time),Mon Mar 03 2025 22:17:04 GMT+0000 (Coordinated Universal Time),Mon Mar 03 2025 22:17:04 GMT+0000 (Coordinated Universal Time),,,,false,false,false,false
The Z Label,the-z-label-2,67c52ae19a93e78ca6e21b26,67c525beacbe4b9e13264e01,67cdea2bdda91a5db1be196f,false,false,Sun Mar 09 2025 19:21:15 GMT+0000 (Coordinated Universal Time),Tue Sep 23 2025 02:35:41 GMT+0000 (Coordinated Universal Time),Wed Sep 24 2025 13:40:10 GMT+0000 (Coordinated Universal Time),https://cdn.prod.website-files.com/67c525beacbe4b9e13264e02/67cdea25dda91a5db1be137c_THE%20Z%20LABEL%20(1).png,,sxsw-2025,false,false,false,false
Tito's Vodka,titos-vodka,67c52ae19a93e78ca6e21b26,67c525beacbe4b9e13264e01,69ace61fe18e0a6c61d6d27b,false,false,Sun Mar 08 2026 02:59:43 GMT+0000 (Coordinated Universal Time),Wed Mar 11 2026 03:40:05 GMT+0000 (Coordinated Universal Time),Wed Mar 11 2026 03:40:05 GMT+0000 (Coordinated Universal Time),https://cdn.prod.website-files.com/67c525beacbe4b9e13264e02/69ace6888b06b7552a27ebef_Titos.png,,sxsw-2026,true,false,false,false
Torchy's Tacos,torchys-tacos,67c52ae19a93e78ca6e21b26,67c525beacbe4b9e13264e01,67d7134f67d27d30b80c3d33,false,false,Sun Mar 16 2025 18:07:11 GMT+0000 (Coordinated Universal Time),Tue Sep 23 2025 02:35:39 GMT+0000 (Coordinated Universal Time),Wed Sep 24 2025 13:40:10 GMT+0000 (Coordinated Universal Time),https://cdn.prod.website-files.com/67c525beacbe4b9e13264e02/67d7134b155b1f0c1218fe13_Torchy%27s.png,,sxsw-2025,false,false,false,false
Zephyr Gin,zephyr-gin,67c52ae19a93e78ca6e21b26,67c525beacbe4b9e13264e01,69ae000dea93e995c9154254,false,false,Sun Mar 08 2026 23:02:37 GMT+0000 (Coordinated Universal Time),Sun Mar 08 2026 23:04:41 GMT+0000 (Coordinated Universal Time),Mon Mar 09 2026 00:06:41 GMT+0000 (Coordinated Universal Time),https://cdn.prod.website-files.com/67c525beacbe4b9e13264e02/69ae00809d077b24000f4b85_Zephyr%20Gin.png,,sxsw-2026; sxsw-2025,true,false,false,false
gener8tor,gener8tor,67c52ae19a93e78ca6e21b26,67c525beacbe4b9e13264e01,69ace57ca00351eadf61a2af,false,false,Sun Mar 08 2026 02:57:00 GMT+0000 (Coordinated Universal Time),Sun Mar 08 2026 22:36:01 GMT+0000 (Coordinated Universal Time),Sun Mar 08 2026 22:41:52 GMT+0000 (Coordinated Universal Time),https://cdn.prod.website-files.com/67c525beacbe4b9e13264e02/69ace5772a2f75c0ed1ac098_gener8tor.png,,sxsw-2026,false,false,true,false
swsh,swsh,67c52ae19a93e78ca6e21b26,67c525beacbe4b9e13264e01,69af784669f0a74279b3ae0c,false,false,Tue Mar 10 2026 01:47:50 GMT+0000 (Coordinated Universal Time),Tue Mar 10 2026 01:51:31 GMT+0000 (Coordinated Universal Time),Sat Mar 14 2026 06:45:08 GMT+0000 (Coordinated Universal Time),https://cdn.prod.website-files.com/67c525beacbe4b9e13264e02/69af791f221293a805edd483_swsh.png,,sxsw-2026,false,false,false,true
